village,census_village_code,population_2011,children_0_6_2011,last_verified_event_date,event_type,event_summary,source_url,evidence_classification,outreach_gap_status,research_status
"Achooranam",627333,11998,1655,,,"No dated human-health outreach event located in indexed public-web search.",,"No public dated event found","High—verify with PHC/ASHA/panchayat register","Needs local verification"
"Ambalavayal",627322,16988,1891,,,"No dated event confirmed as occurring inside this Census village. The official FHC and Tribal Medical Unit are present, but this does not establish a camp date.",https://health.kerala.gov.in/institutionDetails,"Health-service presence only","High—verify FHC/Tribal Medical Unit outreach register","Needs local verification"
"Anchukunnu",627305,19078,2140,,,"No dated human-health outreach event located in indexed public-web search. Govt Jilla Homoeo Hospital is listed in Anchukunnu.",https://homoeopathy.kerala.gov.in/en/janani/,"Facility presence only","High—verify hospital/ASHA register","Needs local verification"
"Cheeral",627320,15725,1554,,,"No dated human-health outreach event located. FHC Cheeral is listed by Kerala Health.",https://health.kerala.gov.in/institutionDetails,"Facility presence only","High—verify FHC register","Needs local verification"
"Cherukottur",627303,11462,1314,,,"No dated human-health outreach event located in indexed public-web search.",,"No public dated event found","High—verify PHC/ASHA/panchayat register","Needs local verification"
"Chundale",627336,7996,878,2015-09-14,"Animal health camp and awareness seminar","KVASU recorded a free animal health camp at Chundale; this is related community activity, not a human health camp.",https://www.kvasu.ac.in/news/readmore/1032,"Dated related community event—not human outreach","High—human-health camp date still unknown","Needs local verification"
"Edavaka",627301,16737,1960,2026-09-10,"Health awareness class","Swasthyam 2026 Karkidaka Fest and AYUSH awareness class run with Kudumbashree Mission Wayanad and AYUSH Mission.",https://edavakapanchayat.lsgkerala.gov.in/en/news/swasthyam-2026-karkidaka-fest-and-awareness-class-held,"Dated human-health community activity—not a clinical camp","Medium—recent community contact documented; clinical-camp history unknown","Verified public record"
"Irulam",627314,21052,2098,,,"No dated human-health outreach event located in indexed public-web search.",,"No public dated event found","High—verify PHC/ASHA/panchayat register","Needs local verification"
"Kaniambetta",627327,29363,3526,,,"No dated human-health outreach event located. Health and nutrition awareness activity is described for a residential school but no event date is supplied.",https://www.kvasu.ac.in/news/readmore/1032,"Undated related community activity","High—verify FHC/ASHA/panchayat register","Needs local verification"
"Kanjirangad",627308,11811,1344,,,"No dated human-health outreach event confirmed inside the village. A nearby youth-club activity record mentions a 2023 blood-donation camp but does not establish the venue as Kanjirangad.",https://miracleyouthclub.com/activities,"Related but location unconfirmed","High—verify PHC/ASHA/panchayat register","Needs local verification"
"Kavumannam",627331,10106,1075,,,"No dated human-health outreach event located. A food-safety awareness class is described at Thariyode Panchayat, Kavumannam, without a date.",https://coheart.ac.in/uploads/about/1554357111.pdf,"Undated related community activity","High—verify CHC Thariyode/FWC register","Needs local verification"
"Kidanganad",627313,9122,1076,2023-09-11,"Medical camp","University of Calicut material includes geotagged photographs of a Lions medical camp at Chethalayam, Kidanganad, covering diabetic/general medicine and gynaecology check-ups.",https://iqac.uoc.ac.in/images/5.1.3_compressed.pdf,"Dated human-health camp","Medium—last public record found is old; check for later local camps","Verified public record"
"Kottappadi (Part)",627337,23384,2910,,,"No dated human-health outreach event located in indexed public-web search.",,"No public dated event found","High—verify PHC/ASHA/panchayat register","Needs local verification"
"Kottathara",627326,17295,1985,2012-07-25,"Outbreak-response medical camp","IDSP outbreak report records a medical camp and health-education response after hepatitis A cases at ALPS Madakkimala in Kottathara Village.",https://flutrackers.com/threads/2012-india-idsp-3-day-rolling-reports-afp-leptospirosis-diphtheria-unidentified-fever-chikungunya.120543/page-9,"Dated human-health camp; historic outbreak response","High—record is 14 years old; verify later activity locally","Verified public record"
"Krishnagiri",627316,12952,1212,,,"No dated human-health outreach event located in indexed public-web search.",,"No public dated event found","High—verify PHC/ASHA/panchayat register","Needs local verification"
"Kunnathidavaka",627335,10309,1216,,,"No dated human-health outreach event located in indexed public-web search.",,"No public dated event found","High—verify PHC/ASHA/panchayat register","Needs local verification"
"Kuppadi",627318,26662,2904,,,"No dated human-health outreach event located in indexed public-web search.",,"No public dated event found","High—verify PHC/ASHA/panchayat register","Needs local verification"
"Kuppadithara",627325,9761,1250,,,"No dated human-health outreach event located in indexed public-web search.",,"No public dated event found","High—verify PHC/ASHA/panchayat register","Needs local verification"
"Mananthavady",627296,34663,3852,2023-11-09,"Medical screening camp","IADVL Kerala records a medical-check-up camp for high-risk groups in Mananthavady. The indexed record does not identify a specific Census-village venue.",https://fliphtml5.com/lskdh/ilxx/IADVL_News_Jan_2024_Final_web/,"Dated human-health camp; town-level location","Medium—town activity documented; village-specific venue unknown","Verified public record"
"Muppainad",627339,22892,2652,,,"No dated human-health outreach event located in indexed public-web search.",,"No public dated event found","High—verify FHC/ASHA/panchayat register","Needs local verification"
"Muttil North",627328,12382,1538,,,"No dated human-health outreach event located in indexed public-web search.",,"No public dated event found","High—verify PHC/ASHA/panchayat register","Needs local verification"
"Muttil South",627329,22355,2559,,,"No dated human-health outreach event located in indexed public-web search.",,"No public dated event found","High—verify PHC/ASHA/panchayat register","Needs local verification"
"Nadavayal",627309,15795,1682,,,"No dated human-health outreach event located in indexed public-web search.",,"No public dated event found","High—verify PHC/ASHA/panchayat register","Needs local verification"
"Nalloornad",627302,16928,1891,,,"No dated human-health outreach event located. Govt Tribal Speciality Hospital is listed in Nalloornad.",https://health.kerala.gov.in/institutionDetails,"Facility presence only","High—verify hospital/ASHA outreach register","Needs local verification"
"Nenmeni",627321,31225,3350,,,"No dated human-health outreach event located in indexed public-web search.",,"No public dated event found","High—verify FHC/ASHA/panchayat register","Needs local verification"
"Noolpuzha",627319,14133,1626,,,"Oorum Uyirum, a tribal-health initiative including screening and medicines, was launched at Ponkuzhi Paniya Colony; the indexed source gives no date.",https://health.kerala.gov.in/assets/backend/publications/Health%40wayanad.pdf,"Undated human-health community activity","High—obtain launch/activity date from District Health Office","Needs local verification"
"Padichira",627312,28970,2839,,,"No dated human-health outreach event located in indexed public-web search.",,"No public dated event found","High—verify PHC/ASHA/panchayat register","Needs local verification"
"Padinharethara",627324,16146,1983,,,"No dated human-health outreach event located in indexed public-web search.",,"No public dated event found","High—verify FHC/ASHA/panchayat register","Needs local verification"
"Panamaram",627304,12683,1512,,,"No dated human-health outreach event located in indexed public-web search.",,"No public dated event found","High—verify CHC/ASHA/panchayat register","Needs local verification"
"Payyampally",627295,13311,1306,,,"No dated human-health outreach event located in indexed public-web search.",,"No public dated event found","High—verify PHC/ASHA/panchayat register","Needs local verification"
"Periya",627298,11174,1125,,,"No dated human-health outreach event located in indexed public-web search.",,"No public dated event found","High—verify PHC/ASHA/panchayat register","Needs local verification"
"Poothadi",627310,14578,1306,2014-12-04,"Health awareness class","COHEART records a bird-flu awareness class at Poothadi Grama Panchayat. This is community health awareness, not a clinical camp.",https://coheart.ac.in/uploads/about/1554357111.pdf,"Dated related community event—not clinical camp","High—clinical-camp date still unknown","Verified public record"
"Porunnanore",627306,22137,2993,,,"No dated human-health outreach event located. The official institution list links a Health and Wellness Centre at Payingatiri to FHC Edavaka.",https://health.kerala.gov.in/assets/backend/uploads/Galleryitem/1774070640719916785.pdf,"Facility presence only","High—verify HWC/FHC outreach register","Needs local verification"
"Pozhuthana",627334,6406,778,,,"No dated human-health outreach event located in indexed public-web search.",,"No public dated event found","High—verify PHC/ASHA/panchayat register","Needs local verification"
"Pulpalli",627311,28322,3055,,,"No dated human-health outreach event located in indexed public-web search.",,"No public dated event found","High—verify CHC/ASHA/panchayat register","Needs local verification"
"Purakkadi",627315,21022,2226,,,"No dated human-health outreach event located in indexed public-web search.",,"No public dated event found","High—verify PHC/ASHA/panchayat register","Needs local verification"
"Sulthanbathery",627317,23333,2653,,,"No dated human-health outreach event located in indexed public-web search. Tribal Medical Unit Sulthan Bathery is listed by Kerala Health.",https://health.kerala.gov.in/institutionDetails,"Facility presence only","High—verify Tribal Medical Unit/ASHA register","Needs local verification"
"Thariyode",627332,1653,205,,,"No dated human-health outreach event located. Food-safety awareness activity is described at Thariyode Panchayat/Kavumannam without a date.",https://coheart.ac.in/uploads/about/1554357111.pdf,"Undated related community activity","High—verify CHC Thariyode/FWC register","Needs local verification"
"Thavinhal",627297,17840,1972,,,"No dated human-health outreach event located in indexed public-web search.",,"No public dated event found","High—verify PHC/ASHA/panchayat register","Needs local verification"
"Thirunelly",627293,12878,1676,,,"No dated human-health outreach event located in indexed public-web search.",,"No public dated event found","High—verify PHC/ASHA/panchayat register","Needs local verification"
"Thomattuchal",627323,17984,1800,,,"No dated human-health outreach event located in indexed public-web search.",,"No public dated event found","High—verify FHC/ASHA/panchayat register","Needs local verification"
"Thondernad",627299,11752,1566,,,"No dated human-health outreach event located in indexed public-web search.",,"No public dated event found","High—verify PHC/ASHA/panchayat register","Needs local verification"
"Thrikkaipatta (Part)",627338,8551,889,,,"No dated human-health outreach event located in indexed public-web search.",,"No public dated event found","High—verify PHC/ASHA/panchayat register","Needs local verification"
"Thrissilery",627294,16818,1846,,,"No dated human-health outreach event located in indexed public-web search.",,"No public dated event found","High—verify PHC/ASHA/panchayat register","Needs local verification"
"Valat",627300,10799,1212,,,"No dated human-health outreach event located. PHC Valad is listed by Kerala Health.",https://health.kerala.gov.in/institutionDetails,"Facility presence only","High—verify PHC register","Needs local verification"
"Vellamunda",627307,18069,2386,,,"No dated human-health outreach event located. FHC Vellamunda is listed by Kerala Health.",https://health.kerala.gov.in/institutionDetails,"Facility presence only","High—verify FHC/ASHA outreach register","Needs local verification"
"Vellarimala",627340,7548,917,,,"No dated human-health outreach event located in indexed public-web search.",,"No public dated event found","High—verify PHC/ASHA/panchayat register","Needs local verification"
"Vengappally",627330,11692,1344,,,"No dated human-health outreach event located in indexed public-web search.",,"No public dated event found","High—verify FHC/ASHA/panchayat register","Needs local verification"
